,Country,Region,Market,Product,Date,Open,High,Low,Close,Currency
,Kenya,Central,Karatina (Nyeri),food_price_index,2024-03-01,1.2,1.22,1.18,1.2,KES
,Kenya,Eastern,Tala Centre Market (Machakos),food_price_index,2024-03-01,1.2,1.22,1.17,1.2,KES
,Kenya,Eastern,Kathonzweni (Makueni),food_price_index,2024-03-01,1.21,1.24,1.19,1.22,KES
,Kenya,Eastern,Kitui,food_price_index,2024-03-01,1.21,1.24,1.18,1.21,KES
,Kenya,Eastern,Makueni,food_price_index,2024-03-01,1.21,1.24,1.19,1.21,KES
,Kenya,Eastern,Wote town (Makueni),food_price_index,2024-03-01,1.21,1.24,1.19,1.22,KES
,Kenya,Nairobi,Mukuru (Nairobi),food_price_index,2024-03-01,1.21,1.23,1.18,1.22,KES
,Kenya,Eastern,Kitui town (Kitui),food_price_index,2024-03-01,1.22,1.23,1.2,1.22,KES
,Kenya,Nairobi,Dandora (Nairobi),food_price_index,2024-03-01,1.22,1.24,1.19,1.23,KES
,Kenya,Nairobi,Kangemi (Nairobi),food_price_index,2024-03-01,1.22,1.25,1.2,1.23,KES
,Kenya,Nairobi,Kibra (Nairobi),food_price_index,2024-03-01,1.22,1.25,1.2,1.23,KES
,Kenya,Nairobi,Kitengela (Kajiado),food_price_index,2024-03-01,1.22,1.25,1.2,1.22,KES
,Kenya,Nairobi,Mathare (Nairobi),food_price_index,2024-03-01,1.22,1.25,1.2,1.22,KES
,Kenya,Nairobi,Wakulima (Nairobi),food_price_index,2024-03-01,1.22,1.24,1.2,1.22,KES
,Kenya,Nairobi,Kawangware (Nairobi),food_price_index,2024-03-01,1.23,1.25,1.2,1.23,KES
,Kenya,Rift Valley,Kajiado,food_price_index,2024-03-01,1.23,1.25,1.2,1.23,KES
,Kenya,Rift Valley,Nakuru,food_price_index,2024-03-01,1.23,1.26,1.2,1.23,KES
,Kenya,Eastern,Isiolo town,food_price_index,2024-03-01,1.24,1.26,1.22,1.23,KES
,Kenya,Eastern,Kaanwa (Tharaka Nithi),food_price_index,2024-03-01,1.24,1.26,1.22,1.23,KES
,Kenya,Rift Valley,Illbissil Food Market (Kajiado),food_price_index,2024-03-01,1.24,1.27,1.22,1.25,KES
,Kenya,Nairobi,Nairobi,food_price_index,2024-03-01,1.25,1.28,1.23,1.26,KES
,Kenya,Coast,Kilifi,food_price_index,2024-03-01,1.27,1.29,1.25,1.27,KES
,Kenya,Coast,Vanga (Kwale),food_price_index,2024-03-01,1.27,1.3,1.24,1.27,KES
,Kenya,Rift Valley,Wakulima (Nakuru),food_price_index,2024-03-01,1.27,1.29,1.25,1.27,KES
,Kenya,Coast,Kalahari (Mombasa),food_price_index,2024-03-01,1.28,1.31,1.25,1.28,KES
,Kenya,Coast,Moroto (Mombasa),food_price_index,2024-03-01,1.28,1.32,1.25,1.29,KES
,Kenya,Coast,Bangladesh (Mombasa),food_price_index,2024-03-01,1.29,1.32,1.26,1.28,KES
,Kenya,Coast,Junda (Mombasa),food_price_index,2024-03-01,1.29,1.31,1.26,1.28,KES
,Kenya,Coast,Kisumu Ndogo (Mombasa),food_price_index,2024-03-01,1.29,1.31,1.26,1.28,KES
,Kenya,Coast,Kongowea (Mombasa),food_price_index,2024-03-01,1.29,1.32,1.27,1.28,KES
,Kenya,Coast,Mombasa,food_price_index,2024-03-01,1.29,1.31,1.27,1.29,KES
,Kenya,Coast,Shonda (Mombasa),food_price_index,2024-03-01,1.29,1.31,1.26,1.28,KES
,Kenya,Nyanza,Kibuye (Kisumu),food_price_index,2024-03-01,1.3,1.33,1.28,1.31,KES
,Kenya,Market Average,Market Average,food_price_index,2024-03-01,1.31,1.34,1.28,1.31,KES
,Kenya,Nyanza,Kisumu,food_price_index,2024-03-01,1.31,1.34,1.28,1.3,KES
,Kenya,Rift Valley,Marigat (Baringo),food_price_index,2024-03-01,1.31,1.34,1.28,1.3,KES
,Kenya,Rift Valley,Marigat town (Baringo),food_price_index,2024-03-01,1.31,1.34,1.29,1.31,KES
,Kenya,Coast,Hola (Tana River),food_price_index,2024-03-01,1.33,1.36,1.3,1.33,KES
,Kenya,North Eastern,Garissa town (Garissa),food_price_index,2024-03-01,1.35,1.38,1.33,1.36,KES
,Kenya,Eastern,Marsabit town,food_price_index,2024-03-01,1.36,1.38,1.34,1.36,KES
,Kenya,Eastern,Marsabit,food_price_index,2024-03-01,1.37,1.39,1.34,1.37,KES
,Kenya,North Eastern,IFO (Daadab),food_price_index,2024-03-01,1.37,1.4,1.34,1.37,KES
,Kenya,North Eastern,Takaba (Mandera),food_price_index,2024-03-01,1.37,1.4,1.35,1.38,KES
,Kenya,North Eastern,Wajir town,food_price_index,2024-03-01,1.37,1.39,1.34,1.37,KES
,Kenya,Rift Valley,Eldoret town (Uasin Gishu),food_price_index,2024-03-01,1.37,1.39,1.34,1.37,KES
,Kenya,North Eastern,Dadaab town,food_price_index,2024-03-01,1.38,1.4,1.36,1.38,KES
,Kenya,North Eastern,Hagadera (Daadab),food_price_index,2024-03-01,1.38,1.4,1.35,1.37,KES
,Kenya,Rift Valley,Kakuma 2,food_price_index,2024-03-01,1.38,1.4,1.36,1.39,KES
,Kenya,Rift Valley,Kakuma 4,food_price_index,2024-03-01,1.38,1.41,1.36,1.39,KES
,Kenya,Rift Valley,Kalobeyei (Village 1),food_price_index,2024-03-01,1.38,1.41,1.35,1.39,KES
,Kenya,Rift Valley,Kalobeyei (Village 2),food_price_index,2024-03-01,1.38,1.41,1.36,1.39,KES
,Kenya,Rift Valley,Mogadishu (Kakuma),food_price_index,2024-03-01,1.38,1.4,1.35,1.39,KES
,Kenya,North Eastern,Dagahaley (Daadab),food_price_index,2024-03-01,1.39,1.42,1.36,1.39,KES
,Kenya,Rift Valley,Ethiopia (Kakuma),food_price_index,2024-03-01,1.39,1.43,1.34,1.39,KES
,Kenya,Rift Valley,HongKong (Kakuma),food_price_index,2024-03-01,1.39,1.43,1.35,1.39,KES
,Kenya,Rift Valley,Kakuma 3,food_price_index,2024-03-01,1.39,1.41,1.36,1.39,KES
,Kenya,Rift Valley,Kalobeyei (Village 3),food_price_index,2024-03-01,1.39,1.43,1.35,1.39,KES
,Kenya,Rift Valley,Lomut (West Pokot),food_price_index,2024-03-01,1.39,1.42,1.37,1.4,KES
,Kenya,Rift Valley,Lodwar town,food_price_index,2024-03-01,1.4,1.44,1.37,1.41,KES
,Kenya,Rift Valley,Makutano (West Pokot),food_price_index,2024-03-01,1.4,1.42,1.38,1.4,KES
,Kenya,North Eastern,Mandera,food_price_index,2024-03-01,1.43,1.45,1.41,1.45,KES
,Kenya,North Eastern,Garissa,food_price_index,2024-03-01,1.44,1.46,1.42,1.44,KES
,Kenya,Rift Valley,Lodwar (Turkana),food_price_index,2024-03-01,1.47,1.49,1.44,1.48,KES
,Kenya,Rift Valley,Nakuru,bread,2024-03-01,47.74,48.11,47.37,47.8,KES
,Kenya,Central,Karatina (Nyeri),bread,2024-03-01,47.82,48.22,47.43,47.66,KES
,Kenya,Eastern,Tala Centre Market (Machakos),bread,2024-03-01,48.02,48.44,47.59,47.97,KES
,Kenya,Nairobi,Mukuru (Nairobi),bread,2024-03-01,48.08,48.54,47.62,48.51,KES
,Kenya,Rift Valley,Marigat (Baringo),bread,2024-03-01,48.13,48.55,47.7,48.18,KES
,Kenya,Eastern,Kitui town (Kitui),bread,2024-03-01,48.21,48.62,47.81,48.47,KES
,Kenya,Eastern,Kaanwa (Tharaka Nithi),bread,2024-03-01,48.28,48.59,47.98,48.21,KES
,Kenya,Eastern,Makueni,bread,2024-03-01,48.29,48.63,47.95,48.43,KES
,Kenya,Eastern,Wote town (Makueni),bread,2024-03-01,48.3,48.65,47.95,48.46,KES
,Kenya,Nairobi,Wakulima (Nairobi),bread,2024-03-01,48.35,48.7,48,48.66,KES
,Kenya,Eastern,Kathonzweni (Makueni),bread,2024-03-01,48.37,48.75,47.98,48.47,KES
,Kenya,Nairobi,Dandora (Nairobi),bread,2024-03-01,48.4,48.86,48.01,48.86,KES
,Kenya,Eastern,Kitui,bread,2024-03-01,48.41,48.73,48.1,48.22,KES
,Kenya,Nairobi,Kangemi (Nairobi),bread,2024-03-01,48.41,48.87,47.96,48.87,KES
,Kenya,Rift Valley,Kajiado,bread,2024-03-01,48.41,48.81,48.01,48.58,KES
,Kenya,Coast,Kilifi,bread,2024-03-01,48.45,48.8,48.1,48.52,KES
,Kenya,Nairobi,Kibra (Nairobi),bread,2024-03-01,48.46,48.89,48.06,48.89,KES
,Kenya,Nairobi,Mathare (Nairobi),bread,2024-03-01,48.51,48.96,48.07,48.67,KES
,Kenya,Coast,Vanga (Kwale),bread,2024-03-01,48.53,48.87,48.2,48.66,KES
,Kenya,Nairobi,Kitengela (Kajiado),bread,2024-03-01,48.54,48.83,48.26,48.74,KES
,Kenya,Eastern,Isiolo town,bread,2024-03-01,48.55,49,48.11,48.33,KES
,Kenya,Nairobi,Kawangware (Nairobi),bread,2024-03-01,48.58,48.95,48.21,48.93,KES
,Kenya,Rift Valley,Illbissil Food Market (Kajiado),bread,2024-03-01,48.63,48.97,48.29,48.88,KES
,Kenya,Rift Valley,Marigat town (Baringo),bread,2024-03-01,48.7,49.15,48.25,48.57,KES
,Kenya,Eastern,Kitui,maize,2024-03-01,48.74,49.98,47.5,49.49,KES
,Kenya,Coast,Kalahari (Mombasa),bread,2024-03-01,48.75,49.12,48.37,48.84,KES
,Kenya,Coast,Moroto (Mombasa),bread,2024-03-01,48.81,49.27,48.35,48.88,KES
,Kenya,Coast,Bangladesh (Mombasa),bread,2024-03-01,48.84,49.34,48.34,48.84,KES
,Kenya,Coast,Junda (Mombasa),bread,2024-03-01,48.86,49.33,48.39,48.82,KES
,Kenya,Coast,Shonda (Mombasa),bread,2024-03-01,48.87,49.33,48.42,48.81,KES
,Kenya,Coast,Mombasa,bread,2024-03-01,48.92,49.36,48.49,49,KES
,Kenya,Coast,Kisumu Ndogo (Mombasa),bread,2024-03-01,48.93,49.28,48.58,48.79,KES
,Kenya,Nyanza,Kibuye (Kisumu),bread,2024-03-01,48.99,49.47,48.51,48.92,KES
,Kenya,Rift Valley,Wakulima (Nakuru),bread,2024-03-01,49,49.35,48.64,48.82,KES
,Kenya,Coast,Kongowea (Mombasa),bread,2024-03-01,49.02,49.51,48.53,48.79,KES
,Kenya,Nyanza,Kisumu,bread,2024-03-01,49.14,49.55,48.74,48.91,KES
,Kenya,Market Average,Market Average,bread,2024-03-01,49.29,49.68,48.9,49.35,KES
,Kenya,Coast,Hola (Tana River),bread,2024-03-01,49.47,49.85,49.08,49.47,KES
,Kenya,Nairobi,Nairobi,bread,2024-03-01,49.63,50.04,49.22,49.75,KES
,Kenya,North Eastern,Garissa town (Garissa),bread,2024-03-01,49.64,49.95,49.34,49.66,KES
,Kenya,Eastern,Marsabit town,bread,2024-03-01,49.85,50.2,49.49,49.96,KES
,Kenya,Rift Valley,Mogadishu (Kakuma),bread,2024-03-01,49.93,50.37,49.49,50.09,KES
,Kenya,Rift Valley,Kalobeyei (Village 2),bread,2024-03-01,49.96,50.32,49.61,50.03,KES
,Kenya,North Eastern,Hagadera (Daadab),bread,2024-03-01,49.97,50.29,49.64,50.04,KES
,Kenya,Rift Valley,Kakuma 2,bread,2024-03-01,49.97,50.31,49.63,50.06,KES
,Kenya,Rift Valley,Kalobeyei (Village 1),bread,2024-03-01,49.98,50.36,49.59,50.07,KES
,Kenya,Rift Valley,Kakuma 4,bread,2024-03-01,50.01,50.46,49.55,50.02,KES
,Kenya,Rift Valley,Kakuma 3,bread,2024-03-01,50.03,50.42,49.65,50.13,KES
,Kenya,Rift Valley,Makutano (West Pokot),bread,2024-03-01,50.03,50.39,49.68,50.01,KES
,Kenya,Rift Valley,Ethiopia (Kakuma),bread,2024-03-01,50.05,50.52,49.59,50.13,KES
,Kenya,North Eastern,IFO (Daadab),bread,2024-03-01,50.1,50.53,49.67,50.01,KES
,Kenya,North Eastern,Dadaab town,bread,2024-03-01,50.13,50.44,49.82,50.25,KES
,Kenya,Rift Valley,HongKong (Kakuma),bread,2024-03-01,50.14,50.66,49.62,50.12,KES
,Kenya,Rift Valley,Lomut (West Pokot),bread,2024-03-01,50.14,50.55,49.73,50.06,KES
,Kenya,North Eastern,Wajir town,bread,2024-03-01,50.18,50.57,49.79,50.18,KES
,Kenya,Rift Valley,Kalobeyei (Village 3),bread,2024-03-01,50.22,50.7,49.73,50.07,KES
,Kenya,Eastern,Marsabit,bread,2024-03-01,50.34,50.66,50.01,50.29,KES
,Kenya,Rift Valley,Lodwar town,bread,2024-03-01,50.44,50.95,49.92,50.33,KES
,Kenya,Rift Valley,Eldoret town (Uasin Gishu),bread,2024-03-01,50.48,50.93,50.04,50.92,KES
,Kenya,North Eastern,Takaba (Mandera),bread,2024-03-01,50.51,50.86,50.15,50.47,KES
,Kenya,North Eastern,Dagahaley (Daadab),bread,2024-03-01,50.58,50.87,50.28,50.45,KES
,Kenya,Rift Valley,Lodwar (Turkana),bread,2024-03-01,51.82,52.24,51.41,52.24,KES
,Kenya,North Eastern,Garissa,bread,2024-03-01,51.85,52.12,51.58,51.88,KES
,Kenya,North Eastern,Mandera,bread,2024-03-01,52.1,52.39,51.82,52.2,KES
,Kenya,Coast,Kilifi,maize,2024-03-01,57.96,59.37,56.56,58.87,KES
,Kenya,Eastern,Kitui town (Kitui),maize,2024-03-01,58.01,59.22,56.84,59.22,KES
,Kenya,Eastern,Kaanwa (Tharaka Nithi),maize,2024-03-01,58.11,59.42,56.8,57.82,KES
,Kenya,Eastern,Tala Centre Market (Machakos),maize,2024-03-01,58.25,59.81,56.69,57.81,KES
,Kenya,Eastern,Wote town (Makueni),maize,2024-03-01,58.85,60.07,57.63,59.91,KES
,Kenya,Eastern,Makueni,maize,2024-03-01,59.02,60.39,57.64,59.84,KES
,Kenya,Eastern,Kathonzweni (Makueni),maize,2024-03-01,59.07,60.18,57.95,59.69,KES
,Kenya,Eastern,Isiolo town,maize,2024-03-01,59.16,60.88,57.45,58.46,KES
,Kenya,Central,Karatina (Nyeri),maize,2024-03-01,59.38,60.71,58.05,58.76,KES
,Kenya,Coast,Vanga (Kwale),maize,2024-03-01,59.85,61.31,58.39,60.34,KES
,Kenya,Nairobi,Mukuru (Nairobi),maize,2024-03-01,61.42,63.08,59.83,63.08,KES
,Kenya,Rift Valley,Nakuru,maize,2024-03-01,61.63,62.86,60.39,61.55,KES
,Kenya,Coast,Kalahari (Mombasa),maize,2024-03-01,61.91,63.45,60.37,62.23,KES
,Kenya,Coast,Shonda (Mombasa),maize,2024-03-01,62.1,63.59,60.62,62.14,KES
,Kenya,Coast,Moroto (Mombasa),maize,2024-03-01,62.17,63.57,60.77,62.75,KES
,Kenya,Coast,Junda (Mombasa),maize,2024-03-01,62.4,63.93,60.88,62.55,KES
,Kenya,Coast,Mombasa,maize,2024-03-01,62.41,63.81,61.01,63.52,KES
,Kenya,Coast,Kisumu Ndogo (Mombasa),maize,2024-03-01,62.48,64.01,60.95,62.11,KES
,Kenya,Coast,Bangladesh (Mombasa),maize,2024-03-01,62.51,63.77,61.25,62.62,KES
,Kenya,Coast,Kongowea (Mombasa),maize,2024-03-01,62.68,64.53,60.84,62.02,KES
,Kenya,Nyanza,Kisumu,maize,2024-03-01,62.77,64.04,61.5,62.94,KES
,Kenya,Nairobi,Dandora (Nairobi),maize,2024-03-01,63.14,64.64,61.65,64.57,KES
,Kenya,Nairobi,Wakulima (Nairobi),maize,2024-03-01,63.3,64.38,62.21,63.71,KES
,Kenya,Nairobi,Mathare (Nairobi),maize,2024-03-01,64.04,65.64,62.44,63.92,KES
,Kenya,Nairobi,Kangemi (Nairobi),maize,2024-03-01,64.05,65.45,62.68,65.45,KES
,Kenya,Nairobi,Kitengela (Kajiado),maize,2024-03-01,64.19,65.26,63.13,63.9,KES
,Kenya,Nyanza,Kibuye (Kisumu),maize,2024-03-01,64.22,65.72,62.73,63.88,KES
,Kenya,Nairobi,Kibra (Nairobi),maize,2024-03-01,64.27,65.8,62.74,64.75,KES
,Kenya,Nairobi,Kawangware (Nairobi),maize,2024-03-01,64.96,66.42,63.51,65.48,KES
,Kenya,Eastern,Marsabit town,maize,2024-03-01,65.48,66.88,64.07,65.97,KES
,Kenya,Coast,Hola (Tana River),maize,2024-03-01,67.25,68.92,65.57,66.73,KES
,Kenya,Eastern,Marsabit,maize,2024-03-01,68.23,69.29,67.18,68.09,KES
,Kenya,Rift Valley,Marigat (Baringo),maize,2024-03-01,68.49,70.34,66.63,67.84,KES
,Kenya,Market Average,Market Average,maize,2024-03-01,68.55,70.16,66.97,68.72,KES
,Kenya,North Eastern,Garissa town (Garissa),maize,2024-03-01,68.58,69.87,67.29,68.49,KES
,Kenya,Nairobi,Nairobi,maize,2024-03-01,69.22,71.89,66.55,69.65,KES
,Kenya,Rift Valley,Kajiado,maize,2024-03-01,69.23,71.26,67.2,69.04,KES
,Kenya,Rift Valley,Illbissil Food Market (Kajiado),maize,2024-03-01,69.55,70.89,68.21,69.44,KES
,Kenya,North Eastern,IFO (Daadab),maize,2024-03-01,70.52,72.36,68.68,70.13,KES
,Kenya,North Eastern,Dadaab town,maize,2024-03-01,70.53,71.83,69.23,71.23,KES
,Kenya,North Eastern,Hagadera (Daadab),maize,2024-03-01,70.6,71.81,69.38,71,KES
,Kenya,Rift Valley,Wakulima (Nakuru),maize,2024-03-01,71.41,73.23,69.59,70.62,KES
,Kenya,North Eastern,Wajir town,maize,2024-03-01,71.95,73.75,70.16,71.98,KES
,Kenya,Rift Valley,Marigat town (Baringo),maize,2024-03-01,72.01,73.97,70.05,70.8,KES
,Kenya,North Eastern,Dagahaley (Daadab),maize,2024-03-01,73.56,75.36,71.76,72.92,KES
,Kenya,North Eastern,Takaba (Mandera),maize,2024-03-01,74.28,76.01,72.54,74.11,KES
,Kenya,Rift Valley,Kalobeyei (Village 2),maize,2024-03-01,77.06,78.86,75.27,77.07,KES
,Kenya,Rift Valley,Kakuma 4,maize,2024-03-01,77.27,79.11,75.43,77.24,KES
,Kenya,Rift Valley,Kakuma 2,maize,2024-03-01,77.32,78.92,75.72,77.69,KES
,Kenya,Rift Valley,Makutano (West Pokot),maize,2024-03-01,77.33,78.5,76.17,77.82,KES
,Kenya,Rift Valley,Kalobeyei (Village 1),maize,2024-03-01,77.34,79.18,75.49,77.76,KES
,Kenya,Rift Valley,Kakuma 3,maize,2024-03-01,77.59,79.38,75.8,78.07,KES
,Kenya,Rift Valley,Ethiopia (Kakuma),maize,2024-03-01,77.69,79.84,75.54,78.08,KES
,Kenya,Rift Valley,Lomut (West Pokot),maize,2024-03-01,77.89,79.04,76.74,77.87,KES
,Kenya,Rift Valley,Mogadishu (Kakuma),maize,2024-03-01,77.98,79.84,76.13,77.68,KES
,Kenya,Rift Valley,HongKong (Kakuma),maize,2024-03-01,77.99,80.17,75.81,77.88,KES
,Kenya,Rift Valley,Kalobeyei (Village 3),maize,2024-03-01,78.88,80.81,76.95,77.79,KES
,Kenya,Rift Valley,Lodwar town,maize,2024-03-01,79.55,81.39,77.71,79.11,KES
,Kenya,Rift Valley,Eldoret town (Uasin Gishu),maize,2024-03-01,82.1,83.65,80.55,81.06,KES
,Kenya,North Eastern,Garissa,maize,2024-03-01,92.2,94.09,90.32,92.63,KES
,Kenya,Rift Valley,Lodwar (Turkana),maize,2024-03-01,93.43,96.68,90.89,96.68,KES
,Kenya,North Eastern,Mandera,maize,2024-03-01,94.8,97.24,92.35,95.02,KES
,Kenya,Eastern,Wote town (Makueni),beans,2024-03-01,149.8,154.28,145.31,153.75,KES
,Kenya,Eastern,Makueni,beans,2024-03-01,150.6,155.09,146.11,153.75,KES
,Kenya,Eastern,Kathonzweni (Makueni),beans,2024-03-01,150.79,155.32,146.27,153.92,KES
,Kenya,Eastern,Tala Centre Market (Machakos),beans,2024-03-01,152,156.82,147.18,154.63,KES
,Kenya,Eastern,Kitui,beans,2024-03-01,152.68,157.81,147.55,153.43,KES
,Kenya,Eastern,Kitui town (Kitui),beans,2024-03-01,152.74,156.5,148.98,153.65,KES
,Kenya,Central,Karatina (Nyeri),beans,2024-03-01,155.85,160.78,150.93,156.72,KES
,Kenya,Nairobi,Mukuru (Nairobi),beans,2024-03-01,156.57,161.71,151.44,157.4,KES
,Kenya,Nairobi,Kitengela (Kajiado),beans,2024-03-01,156.62,161.77,151.48,157.55,KES
,Kenya,Nairobi,Dandora (Nairobi),beans,2024-03-01,156.73,161.15,152.32,157.17,KES
,Kenya,Nairobi,Wakulima (Nairobi),beans,2024-03-01,156.95,161.79,152.12,157.55,KES
,Kenya,Nairobi,Nairobi,beans,2024-03-01,157.46,162.45,152.47,157.79,KES
,Kenya,Nairobi,Mathare (Nairobi),beans,2024-03-01,157.66,163.18,152.14,157.46,KES
,Kenya,Nairobi,Kibra (Nairobi),beans,2024-03-01,157.81,162.65,152.97,158.24,KES
,Kenya,Nairobi,Kawangware (Nairobi),beans,2024-03-01,158.26,163.61,152.92,158.63,KES
,Kenya,Nairobi,Kangemi (Nairobi),beans,2024-03-01,158.3,163.63,152.96,158.61,KES
,Kenya,Eastern,Isiolo town,beans,2024-03-01,158.39,163.72,153.06,159.35,KES
,Kenya,Eastern,Kaanwa (Tharaka Nithi),beans,2024-03-01,159.49,164.05,154.94,160.5,KES
,Kenya,Rift Valley,Kajiado,beans,2024-03-01,161.11,166.94,155.28,161.47,KES
,Kenya,Rift Valley,Illbissil Food Market (Kajiado),beans,2024-03-01,162.2,167.24,157.16,162.87,KES
,Kenya,Coast,Vanga (Kwale),beans,2024-03-01,163.16,167.55,158.76,163.13,KES
,Kenya,Coast,Moroto (Mombasa),beans,2024-03-01,165.35,170.68,160.03,166.73,KES
,Kenya,Coast,Kalahari (Mombasa),beans,2024-03-01,166.02,170.47,161.56,166.53,KES
,Kenya,Rift Valley,Wakulima (Nakuru),beans,2024-03-01,166.22,171.58,160.86,167.74,KES
,Kenya,Coast,Kongowea (Mombasa),beans,2024-03-01,166.31,171.08,161.54,166.77,KES
,Kenya,Coast,Shonda (Mombasa),beans,2024-03-01,166.31,171.3,161.33,166.61,KES
,Kenya,Coast,Mombasa,beans,2024-03-01,166.49,171.27,161.71,166.8,KES
,Kenya,Coast,Kisumu Ndogo (Mombasa),beans,2024-03-01,166.52,171.55,161.5,167.02,KES
,Kenya,Rift Valley,Nakuru,beans,2024-03-01,167.04,172.43,161.65,168.59,KES
,Kenya,Coast,Bangladesh (Mombasa),beans,2024-03-01,167.08,172.64,161.53,166.56,KES
,Kenya,Coast,Junda (Mombasa),beans,2024-03-01,167.54,172.77,162.31,166.91,KES
,Kenya,Coast,Kilifi,beans,2024-03-01,168.85,173.94,163.76,169.78,KES
,Kenya,Market Average,Market Average,beans,2024-03-01,168.93,174.44,163.41,169.86,KES
,Kenya,Nyanza,Kisumu,beans,2024-03-01,172,177.91,166.09,174.19,KES
,Kenya,Nyanza,Kibuye (Kisumu),beans,2024-03-01,172.11,177.86,166.35,173.61,KES
,Kenya,Rift Valley,Kakuma 3,beans,2024-03-01,173.86,179.86,167.86,176.43,KES
,Kenya,Rift Valley,Mogadishu (Kakuma),beans,2024-03-01,173.94,181.08,166.81,176.41,KES
,Kenya,Rift Valley,Kakuma 2,beans,2024-03-01,174,182.13,165.88,175.99,KES
,Kenya,Rift Valley,Kalobeyei (Village 1),beans,2024-03-01,174.12,181.21,167.03,176.03,KES
,Kenya,Rift Valley,Kalobeyei (Village 3),beans,2024-03-01,174.2,181.49,166.92,176.34,KES
,Kenya,Rift Valley,Marigat town (Baringo),beans,2024-03-01,174.81,181.05,168.57,176.02,KES
,Kenya,Rift Valley,Marigat (Baringo),beans,2024-03-01,175.04,183.05,167.04,176.39,KES
,Kenya,Rift Valley,Ethiopia (Kakuma),beans,2024-03-01,175.49,182.36,168.62,176.44,KES
,Kenya,Rift Valley,Kalobeyei (Village 2),beans,2024-03-01,175.79,182.41,169.16,177.51,KES
,Kenya,Rift Valley,Kakuma 4,beans,2024-03-01,175.85,183.4,168.31,177.05,KES
,Kenya,Rift Valley,Lomut (West Pokot),beans,2024-03-01,176.05,182.07,170.03,177.74,KES
,Kenya,Rift Valley,HongKong (Kakuma),beans,2024-03-01,176.68,183.5,169.85,177.7,KES
,Kenya,Rift Valley,Lodwar (Turkana),beans,2024-03-01,176.69,183.06,170.31,178.36,KES
,Kenya,Rift Valley,Lodwar town,beans,2024-03-01,176.76,183.9,169.62,178.35,KES
,Kenya,Coast,Hola (Tana River),beans,2024-03-01,176.8,180.65,172.95,177.03,KES
,Kenya,Rift Valley,Makutano (West Pokot),beans,2024-03-01,177.58,183.82,171.34,179.07,KES
,Kenya,North Eastern,Mandera,beans,2024-03-01,178.73,182.68,174.79,178.81,KES
,Kenya,North Eastern,Takaba (Mandera),beans,2024-03-01,179.61,183.43,175.78,179.73,KES
,Kenya,Rift Valley,Eldoret town (Uasin Gishu),beans,2024-03-01,180.3,186.22,174.37,181.56,KES
,Kenya,Eastern,Marsabit,beans,2024-03-01,180.31,186.1,174.53,181.5,KES
,Kenya,North Eastern,Wajir town,beans,2024-03-01,180.51,184.81,176.22,180.76,KES
,Kenya,Eastern,Marsabit town,beans,2024-03-01,180.75,186.94,174.55,181.56,KES
,Kenya,North Eastern,Garissa town (Garissa),beans,2024-03-01,183.69,188.28,179.11,183.93,KES
,Kenya,North Eastern,Garissa,beans,2024-03-01,183.91,188.32,179.49,183.97,KES
,Kenya,North Eastern,Hagadera (Daadab),beans,2024-03-01,187.4,192.82,181.97,186.01,KES
,Kenya,North Eastern,IFO (Daadab),beans,2024-03-01,188.81,195.36,182.25,187.21,KES
,Kenya,North Eastern,Dagahaley (Daadab),beans,2024-03-01,188.9,197.28,180.51,188.22,KES
,Kenya,North Eastern,Dadaab town,beans,2024-03-01,189.77,194.61,184.93,189.55,KES
,Kenya,Nairobi,Kibra (Nairobi),oil,2024-03-01,203.82,210.83,196.81,205.44,KES
,Kenya,Nairobi,Wakulima (Nairobi),oil,2024-03-01,203.97,211.09,196.86,206.25,KES
,Kenya,Nairobi,Mukuru (Nairobi),oil,2024-03-01,204.52,211.81,197.23,207.28,KES
,Kenya,Rift Valley,Kajiado,oil,2024-03-01,204.79,210.88,198.71,207.34,KES
,Kenya,Nairobi,Kawangware (Nairobi),oil,2024-03-01,205.09,211.97,198.22,206.89,KES
,Kenya,Nairobi,Kitengela (Kajiado),oil,2024-03-01,205.17,212.59,197.76,207.18,KES
,Kenya,Nairobi,Nairobi,oil,2024-03-01,205.35,212.45,198.26,207.03,KES
,Kenya,Nairobi,Kangemi (Nairobi),oil,2024-03-01,205.61,212.17,199.06,207.28,KES
,Kenya,Nairobi,Mathare (Nairobi),oil,2024-03-01,205.8,213.5,198.1,207.94,KES
,Kenya,Nairobi,Dandora (Nairobi),oil,2024-03-01,205.97,213.05,198.9,208.53,KES
,Kenya,Central,Karatina (Nyeri),oil,2024-03-01,207.66,213.87,201.46,210.77,KES
,Kenya,Eastern,Tala Centre Market (Machakos),oil,2024-03-01,208.19,213.95,202.44,209.41,KES
,Kenya,Rift Valley,Illbissil Food Market (Kajiado),oil,2024-03-01,208.5,215.42,201.57,210.59,KES
,Kenya,Eastern,Makueni,oil,2024-03-01,210.51,217.6,203.43,212.53,KES
,Kenya,Eastern,Wote town (Makueni),oil,2024-03-01,210.57,217.63,203.5,212.64,KES
,Kenya,Eastern,Kathonzweni (Makueni),oil,2024-03-01,211.13,218.21,204.05,213.16,KES
,Kenya,Eastern,Kitui town (Kitui),oil,2024-03-01,212.14,218.39,205.89,216.3,KES
,Kenya,Eastern,Kitui,oil,2024-03-01,212.17,218.21,206.13,216.35,KES
,Kenya,Rift Valley,Wakulima (Nakuru),oil,2024-03-01,215.8,222.17,209.43,217.46,KES
,Kenya,Rift Valley,Nakuru,oil,2024-03-01,217.03,223.76,210.29,219.82,KES
,Kenya,Eastern,Kaanwa (Tharaka Nithi),oil,2024-03-01,218.96,225.76,212.15,221.28,KES
,Kenya,Eastern,Isiolo town,oil,2024-03-01,219.1,227.84,210.36,221,KES
,Kenya,Coast,Kilifi,oil,2024-03-01,227.77,233.87,221.67,230.09,KES
,Kenya,Coast,Bangladesh (Mombasa),oil,2024-03-01,228.5,235.46,221.53,229.84,KES
,Kenya,Coast,Junda (Mombasa),oil,2024-03-01,228.62,236.95,220.3,230.03,KES
,Kenya,Coast,Kalahari (Mombasa),oil,2024-03-01,228.68,236.84,220.51,229.89,KES
,Kenya,Market Average,Market Average,oil,2024-03-01,228.9,236.86,220.94,231.36,KES
,Kenya,Coast,Kisumu Ndogo (Mombasa),oil,2024-03-01,228.94,236.4,221.48,230.22,KES
,Kenya,Coast,Moroto (Mombasa),oil,2024-03-01,229,237.81,220.18,230.02,KES
,Kenya,Coast,Kongowea (Mombasa),oil,2024-03-01,229.16,237.8,220.52,230.14,KES
,Kenya,Coast,Vanga (Kwale),oil,2024-03-01,229.25,237.76,220.75,230.13,KES
,Kenya,Coast,Shonda (Mombasa),oil,2024-03-01,229.29,236.15,222.43,230.23,KES
,Kenya,Coast,Mombasa,oil,2024-03-01,229.31,236.28,222.34,230.13,KES
,Kenya,Nyanza,Kisumu,oil,2024-03-01,230.16,236.96,223.35,234.45,KES
,Kenya,Rift Valley,Marigat town (Baringo),oil,2024-03-01,231.11,239.39,222.84,232.18,KES
,Kenya,Rift Valley,Marigat (Baringo),oil,2024-03-01,231.9,240.28,223.52,232.53,KES
,Kenya,Rift Valley,Eldoret town (Uasin Gishu),oil,2024-03-01,232.08,238.99,225.17,237.21,KES
,Kenya,Coast,Hola (Tana River),oil,2024-03-01,232.41,240.91,223.92,235.26,KES
,Kenya,Nyanza,Kibuye (Kisumu),oil,2024-03-01,232.98,239.7,226.27,235.54,KES
,Kenya,North Eastern,IFO (Daadab),oil,2024-03-01,235.04,243.61,226.47,237.89,KES
,Kenya,North Eastern,Garissa town (Garissa),oil,2024-03-01,235.12,243.58,226.66,239.1,KES
,Kenya,North Eastern,Wajir town,oil,2024-03-01,235.98,244.32,227.64,239.72,KES
,Kenya,North Eastern,Garissa,oil,2024-03-01,236.29,245.23,227.36,239.25,KES
,Kenya,North Eastern,Dadaab town,oil,2024-03-01,237.22,245.28,229.16,240.11,KES
,Kenya,North Eastern,Takaba (Mandera),oil,2024-03-01,238.37,245.06,231.69,242.15,KES
,Kenya,North Eastern,Mandera,oil,2024-03-01,238.75,246.78,230.72,242.34,KES
,Kenya,North Eastern,Dagahaley (Daadab),oil,2024-03-01,239.46,245.05,233.86,243.46,KES
,Kenya,Eastern,Marsabit,oil,2024-03-01,240.88,248.83,232.93,244.62,KES
,Kenya,Eastern,Marsabit town,oil,2024-03-01,241.22,249.27,233.17,244.62,KES
,Kenya,North Eastern,Hagadera (Daadab),oil,2024-03-01,241.22,249.79,232.64,242.83,KES
,Kenya,Rift Valley,Kakuma 4,oil,2024-03-01,249.3,259.2,239.4,255.03,KES
,Kenya,Rift Valley,Kalobeyei (Village 1),oil,2024-03-01,250.98,262.65,239.31,255.06,KES
,Kenya,Rift Valley,Kalobeyei (Village 2),oil,2024-03-01,251.08,264.67,237.49,254.74,KES
,Kenya,Rift Valley,Ethiopia (Kakuma),oil,2024-03-01,251.68,266.16,237.2,255.39,KES
,Kenya,Rift Valley,Kalobeyei (Village 3),oil,2024-03-01,252.46,262.84,242.08,255.46,KES
,Kenya,Rift Valley,Mogadishu (Kakuma),oil,2024-03-01,252.63,261.53,243.73,255.39,KES
,Kenya,Rift Valley,HongKong (Kakuma),oil,2024-03-01,254.17,265.22,243.12,255.4,KES
,Kenya,Rift Valley,Kakuma 3,oil,2024-03-01,254.26,262.36,246.17,255.31,KES
,Kenya,Rift Valley,Kakuma 2,oil,2024-03-01,254.47,267.1,241.85,255.25,KES
,Kenya,Rift Valley,Lodwar town,oil,2024-03-01,254.51,263.58,245.44,258.04,KES
,Kenya,Rift Valley,Lomut (West Pokot),oil,2024-03-01,254.73,261.67,247.8,256.85,KES
,Kenya,Rift Valley,Makutano (West Pokot),oil,2024-03-01,255.2,263.15,247.26,257.68,KES
,Kenya,Rift Valley,Lodwar (Turkana),oil,2024-03-01,255.79,263.57,248.01,258,KES
,Kenya,Rift Valley,Eldoret town (Uasin Gishu),potatoes,2024-03-01,2364.82,2401.42,2328.23,2341.9,KES
,Kenya,Rift Valley,Nakuru,potatoes,2024-03-01,2604.05,2631.89,2576.22,2622.57,KES
,Kenya,Central,Karatina (Nyeri),potatoes,2024-03-01,2669.33,2714.51,2624.16,2656.7,KES
,Kenya,Rift Valley,Marigat (Baringo),potatoes,2024-03-01,2700.61,2751.15,2650.07,2675.5,KES
,Kenya,Rift Valley,Kajiado,potatoes,2024-03-01,2718.91,2770.85,2666.97,2734.13,KES
,Kenya,Coast,Kilifi,potatoes,2024-03-01,2742.4,2784.32,2701.54,2784.32,KES
,Kenya,Eastern,Tala Centre Market (Machakos),potatoes,2024-03-01,2746.9,2795.3,2698.51,2739.28,KES
,Kenya,Coast,Vanga (Kwale),potatoes,2024-03-01,2757.58,2797.99,2717.17,2795.32,KES
,Kenya,Rift Valley,Illbissil Food Market (Kajiado),potatoes,2024-03-01,2758.65,2805.02,2712.28,2783.57,KES
,Kenya,Nairobi,Mukuru (Nairobi),potatoes,2024-03-01,2760.77,2814.61,2706.94,2803.2,KES
,Kenya,Eastern,Kaanwa (Tharaka Nithi),potatoes,2024-03-01,2769.8,2807.95,2731.65,2762.61,KES
,Kenya,Rift Valley,Wakulima (Nakuru),potatoes,2024-03-01,2773.99,2839.65,2708.33,2751.51,KES
,Kenya,Rift Valley,Marigat town (Baringo),potatoes,2024-03-01,2776.56,2825.69,2727.42,2745.47,KES
,Kenya,Coast,Kalahari (Mombasa),potatoes,2024-03-01,2780.35,2829.9,2737.92,2829.9,KES
,Kenya,Coast,Bangladesh (Mombasa),potatoes,2024-03-01,2787.46,2836.5,2741.96,2836.5,KES
,Kenya,Eastern,Wote town (Makueni),potatoes,2024-03-01,2793.02,2834.88,2751.69,2834.88,KES
,Kenya,Eastern,Makueni,potatoes,2024-03-01,2793.9,2836.72,2751.08,2824.43,KES
,Kenya,Coast,Shonda (Mombasa),potatoes,2024-03-01,2795.13,2837.54,2752.73,2824.02,KES
,Kenya,Nairobi,Wakulima (Nairobi),potatoes,2024-03-01,2796.7,2834.79,2758.62,2818.17,KES
,Kenya,Eastern,Kitui town (Kitui),potatoes,2024-03-01,2797.14,2863.09,2731.18,2849.3,KES
,Kenya,Coast,Mombasa,potatoes,2024-03-01,2798.04,2863.74,2753.61,2863.74,KES
,Kenya,Coast,Moroto (Mombasa),potatoes,2024-03-01,2798.49,2847.49,2749.5,2842.2,KES
,Kenya,Coast,Junda (Mombasa),potatoes,2024-03-01,2801.79,2845.54,2758.04,2832.05,KES
,Kenya,Nairobi,Kangemi (Nairobi),potatoes,2024-03-01,2808.34,2858.5,2764.38,2858.5,KES
,Kenya,Coast,Kisumu Ndogo (Mombasa),potatoes,2024-03-01,2809.93,2852.62,2767.25,2821.03,KES
,Kenya,Eastern,Kathonzweni (Makueni),potatoes,2024-03-01,2811.71,2852.62,2770.8,2846.57,KES
,Kenya,Nairobi,Dandora (Nairobi),potatoes,2024-03-01,2813.79,2864.22,2771.34,2864.22,KES
,Kenya,Eastern,Isiolo town,potatoes,2024-03-01,2821.25,2878.11,2764.38,2789.1,KES
,Kenya,Nairobi,Kitengela (Kajiado),potatoes,2024-03-01,2821.7,2866.85,2776.55,2832.42,KES
,Kenya,Nairobi,Mathare (Nairobi),potatoes,2024-03-01,2821.91,2882.79,2761.03,2833.8,KES
,Kenya,Coast,Kongowea (Mombasa),potatoes,2024-03-01,2827.57,2869.92,2785.22,2819.41,KES
,Kenya,Nairobi,Kibra (Nairobi),potatoes,2024-03-01,2828.29,2874.19,2782.39,2856.68,KES
,Kenya,Nairobi,Kawangware (Nairobi),potatoes,2024-03-01,2829.9,2866.23,2793.58,2860.76,KES
,Kenya,Nyanza,Kibuye (Kisumu),potatoes,2024-03-01,2833.69,2890.13,2777.25,2826.53,KES
,Kenya,Market Average,Market Average,potatoes,2024-03-01,2867.98,2915.43,2820.78,2883.4,KES
,Kenya,Rift Valley,Kalobeyei (Village 2),potatoes,2024-03-01,2875.24,2922.61,2829.2,2922.61,KES
,Kenya,Rift Valley,Kakuma 2,potatoes,2024-03-01,2880.91,2932.43,2837.56,2932.43,KES
,Kenya,Rift Valley,Mogadishu (Kakuma),potatoes,2024-03-01,2885.81,2936.3,2835.32,2935.19,KES
,Kenya,Rift Valley,Kakuma 4,potatoes,2024-03-01,2888.27,2942.37,2834.17,2923.78,KES
,Kenya,Rift Valley,Kakuma 3,potatoes,2024-03-01,2892.74,2942.35,2843.39,2942.35,KES
,Kenya,Rift Valley,Kalobeyei (Village 1),potatoes,2024-03-01,2894.39,2941,2847.77,2940.5,KES
,Kenya,Rift Valley,Ethiopia (Kakuma),potatoes,2024-03-01,2896.15,2953.96,2838.34,2945.6,KES
,Kenya,Rift Valley,Makutano (West Pokot),potatoes,2024-03-01,2898.05,2929.41,2866.68,2902.16,KES
,Kenya,Rift Valley,HongKong (Kakuma),potatoes,2024-03-01,2904.27,2951.08,2857.46,2937.94,KES
,Kenya,Nyanza,Kisumu,potatoes,2024-03-01,2909.12,2964.04,2854.19,2858.55,KES
,Kenya,Rift Valley,Lomut (West Pokot),potatoes,2024-03-01,2913.25,2953.43,2873.06,2914.34,KES
,Kenya,Rift Valley,Kalobeyei (Village 3),potatoes,2024-03-01,2924.71,2978.76,2870.66,2936.92,KES
,Kenya,Rift Valley,Lodwar town,potatoes,2024-03-01,2942.02,2989.68,2894.36,2947.23,KES
,Kenya,North Eastern,Garissa town (Garissa),potatoes,2024-03-01,2944.78,2973.99,2915.58,2941.94,KES
,Kenya,North Eastern,Hagadera (Daadab),potatoes,2024-03-01,2960.52,2994.72,2926.31,2971.51,KES
,Kenya,Coast,Hola (Tana River),potatoes,2024-03-01,2971.17,3018.88,2923.46,2952.72,KES
,Kenya,North Eastern,Wajir town,potatoes,2024-03-01,3009.36,3043.14,2975.58,3014.67,KES
,Kenya,North Eastern,IFO (Daadab),potatoes,2024-03-01,3009.48,3055.79,2963.16,2996.84,KES
,Kenya,North Eastern,Dadaab town,potatoes,2024-03-01,3010.95,3052.17,2969.74,3040.17,KES
,Kenya,Eastern,Marsabit town,potatoes,2024-03-01,3014.29,3062.26,2966.32,3029.54,KES
,Kenya,Nairobi,Nairobi,potatoes,2024-03-01,3040.63,3088.56,2992.7,3008.95,KES
,Kenya,North Eastern,Takaba (Mandera),potatoes,2024-03-01,3059.49,3095.33,3023.65,3060.32,KES
,Kenya,Eastern,Kitui,potatoes,2024-03-01,3074.17,3131.61,2974.75,2974.75,KES
,Kenya,Eastern,Marsabit,potatoes,2024-03-01,3085.08,3128.79,3041.38,3093.93,KES
,Kenya,North Eastern,Dagahaley (Daadab),potatoes,2024-03-01,3086.86,3191.93,2981.78,3077.44,KES
,Kenya,Rift Valley,Lodwar (Turkana),potatoes,2024-03-01,3176.65,3237.42,3115.89,3234.96,KES
,Kenya,North Eastern,Garissa,potatoes,2024-03-01,3247.99,3277.53,3218.45,3254.36,KES
,Kenya,North Eastern,Mandera,potatoes,2024-03-01,3303.84,3340.39,3267.29,3318.99,KES
,Kenya,Rift Valley,Nakuru,sorghum,2024-03-01,4511.78,4611.81,4411.75,4559.5,KES
,Kenya,Eastern,Tala Centre Market (Machakos),sorghum,2024-03-01,5049.16,5175,4923.32,5027.86,KES
,Kenya,Central,Karatina (Nyeri),sorghum,2024-03-01,5050.95,5150.77,4951.13,5008.88,KES
,Kenya,Eastern,Kaanwa (Tharaka Nithi),sorghum,2024-03-01,5108.37,5189.5,5027.24,5088.68,KES
,Kenya,Eastern,Kitui town (Kitui),sorghum,2024-03-01,5119.28,5235.36,5003.2,5232.53,KES
,Kenya,Eastern,Wote town (Makueni),sorghum,2024-03-01,5181.38,5272.66,5100.36,5272.66,KES
,Kenya,Eastern,Makueni,sorghum,2024-03-01,5192.6,5278.35,5106.85,5258.68,KES
,Kenya,Eastern,Kathonzweni (Makueni),sorghum,2024-03-01,5200.55,5289.59,5111.52,5269.71,KES
,Kenya,Nairobi,Mukuru (Nairobi),sorghum,2024-03-01,5210.1,5338.01,5082.18,5331.92,KES
,Kenya,Eastern,Isiolo town,sorghum,2024-03-01,5211.84,5336.82,5086.87,5149.29,KES
,Kenya,Coast,Kilifi,sorghum,2024-03-01,5248.19,5336.43,5159.95,5299.46,KES
,Kenya,Rift Valley,Kajiado,sorghum,2024-03-01,5276.98,5402.91,5151.05,5288.3,KES
,Kenya,Nyanza,Kisumu,sorghum,2024-03-01,5293.32,5412.96,5173.67,5330.06,KES
,Kenya,Rift Valley,Marigat (Baringo),sorghum,2024-03-01,5358.28,5440.65,5275.9,5311.67,KES
,Kenya,Nairobi,Wakulima (Nairobi),sorghum,2024-03-01,5372.48,5465.74,5279.23,5370.47,KES
,Kenya,Nairobi,Dandora (Nairobi),sorghum,2024-03-01,5376.58,5481.68,5271.48,5461.37,KES
,Kenya,Nairobi,Kangemi (Nairobi),sorghum,2024-03-01,5401.66,5499.45,5324.96,5499.45,KES
,Kenya,Nairobi,Mathare (Nairobi),sorghum,2024-03-01,5414.91,5538.17,5291.64,5401.81,KES
,Kenya,Nairobi,Kitengela (Kajiado),sorghum,2024-03-01,5423.31,5509.24,5337.38,5394.19,KES
,Kenya,Rift Valley,Illbissil Food Market (Kajiado),sorghum,2024-03-01,5437.56,5537.31,5337.81,5453.32,KES
,Kenya,Coast,Vanga (Kwale),sorghum,2024-03-01,5439.24,5522.21,5356.27,5460.74,KES
,Kenya,Nyanza,Kibuye (Kisumu),sorghum,2024-03-01,5443.12,5544.27,5341.96,5427.76,KES
,Kenya,Nairobi,Kibra (Nairobi),sorghum,2024-03-01,5443.43,5537.45,5349.41,5476.36,KES
,Kenya,Nairobi,Kawangware (Nairobi),sorghum,2024-03-01,5455.4,5561.08,5349.72,5497.73,KES
,Kenya,Rift Valley,Wakulima (Nakuru),sorghum,2024-03-01,5491.7,5585.73,5397.67,5435.63,KES
,Kenya,Coast,Kalahari (Mombasa),sorghum,2024-03-01,5520.38,5613.82,5426.95,5549.25,KES
,Kenya,Eastern,Kitui,sorghum,2024-03-01,5545.68,5655.47,5435.9,5490.08,KES
,Kenya,Coast,Bangladesh (Mombasa),sorghum,2024-03-01,5546.47,5648.26,5444.69,5590.68,KES
,Kenya,Coast,Moroto (Mombasa),sorghum,2024-03-01,5547.48,5679.48,5415.48,5596.22,KES
,Kenya,Coast,Shonda (Mombasa),sorghum,2024-03-01,5549.98,5649.33,5450.63,5537.43,KES
,Kenya,Coast,Mombasa,sorghum,2024-03-01,5553.5,5654.97,5455.79,5654.97,KES
,Kenya,Coast,Junda (Mombasa),sorghum,2024-03-01,5558.35,5654.8,5461.89,5577.89,KES
,Kenya,Coast,Kisumu Ndogo (Mombasa),sorghum,2024-03-01,5581.42,5700.78,5462.05,5531,KES
,Kenya,Rift Valley,Marigat town (Baringo),sorghum,2024-03-01,5582.34,5689.02,5475.66,5509.27,KES
,Kenya,Coast,Kongowea (Mombasa),sorghum,2024-03-01,5622.37,5713.45,5525.68,5525.68,KES
,Kenya,Market Average,Market Average,sorghum,2024-03-01,5631.09,5736.65,5526.37,5645.68,KES
,Kenya,Eastern,Marsabit town,sorghum,2024-03-01,5685.98,5786.14,5585.82,5725.89,KES
,Kenya,Rift Valley,Kakuma 2,sorghum,2024-03-01,5801.81,5892.69,5710.93,5828.2,KES
,Kenya,Rift Valley,Makutano (West Pokot),sorghum,2024-03-01,5805.65,5889.43,5721.87,5841.99,KES
,Kenya,Rift Valley,Mogadishu (Kakuma),sorghum,2024-03-01,5807.33,5933,5681.66,5831.6,KES
,Kenya,Coast,Hola (Tana River),sorghum,2024-03-01,5807.63,5910.55,5704.7,5766.67,KES
,Kenya,North Eastern,Garissa town (Garissa),sorghum,2024-03-01,5816.05,5883.93,5748.18,5809.18,KES
,Kenya,Rift Valley,Kakuma 4,sorghum,2024-03-01,5821.67,5945.04,5698.31,5811.35,KES
,Kenya,Rift Valley,Kakuma 3,sorghum,2024-03-01,5822.08,5925.39,5718.77,5853.77,KES
,Kenya,North Eastern,Hagadera (Daadab),sorghum,2024-03-01,5824.32,5901.77,5746.87,5853.32,KES
,Kenya,Rift Valley,Ethiopia (Kakuma),sorghum,2024-03-01,5835.12,5965.82,5704.41,5860.62,KES
,Kenya,Rift Valley,Kalobeyei (Village 1),sorghum,2024-03-01,5844.82,5966.45,5723.19,5861.22,KES
,Kenya,North Eastern,IFO (Daadab),sorghum,2024-03-01,5849.53,5959.32,5739.74,5821.83,KES
,Kenya,North Eastern,Dadaab town,sorghum,2024-03-01,5854.76,5945.03,5764.48,5906.37,KES
,Kenya,Rift Valley,HongKong (Kakuma),sorghum,2024-03-01,5863.5,6006.44,5720.57,5840.82,KES
,Kenya,Rift Valley,Kalobeyei (Village 2),sorghum,2024-03-01,5865.74,5972.44,5759.04,5806.07,KES
,Kenya,Rift Valley,Lomut (West Pokot),sorghum,2024-03-01,5879.51,5968.25,5790.77,5878.16,KES
,Kenya,Nairobi,Nairobi,sorghum,2024-03-01,5894.83,6071.26,5718.39,5908.83,KES
,Kenya,Rift Valley,Kalobeyei (Village 3),sorghum,2024-03-01,5896.23,6027.76,5764.71,5841.25,KES
,Kenya,Eastern,Marsabit,sorghum,2024-03-01,5905.7,5988.67,5822.73,5885.81,KES
,Kenya,Rift Valley,Lodwar town,sorghum,2024-03-01,5922.58,6046.83,5798.32,5924.77,KES
,Kenya,North Eastern,Wajir town,sorghum,2024-03-01,5961.29,6063.44,5859.14,5969.36,KES
,Kenya,North Eastern,Dagahaley (Daadab),sorghum,2024-03-01,6057.64,6173.46,5941.82,6019.84,KES
,Kenya,North Eastern,Takaba (Mandera),sorghum,2024-03-01,6088.47,6171.83,6005.11,6081.55,KES
,Kenya,Rift Valley,Eldoret town (Uasin Gishu),sorghum,2024-03-01,6528.28,6632.44,6424.12,6597.46,KES
,Kenya,Rift Valley,Lodwar (Turkana),sorghum,2024-03-01,6644.12,6813.42,6497.98,6813.42,KES
,Kenya,North Eastern,Mandera,sorghum,2024-03-01,6860.83,6962.55,6759.11,6916.75,KES
,Kenya,North Eastern,Garissa,sorghum,2024-03-01,6861.85,6956.73,6766.98,6905.46,KES